﻿pos_x,pos_y,rotation,side,designator,mpn,pack,footprint,value,mount_type
140.97,-91.44,-90.0,top,A1,,,Arduino_Nano,Arduino Nano ESP32,tht
194.818,-112.776,180.0,top,BT1,,,JST_PH_B2B-PH-K_1x02_P2.00mm_Vertical,Battery In,tht
186.69,-102.338,90.0,top,C1,,,CP_Radial_D4.0mm_P1.50mm,0.1uF 50v,tht
186.92,-90.17,180.0,top,C2,,,CP_Radial_D4.0mm_P1.50mm,0.1uF 50v,tht
151.765,-84.664269,90.0,top,J1,,,PinHeader_1x09_P2.54mm_Vertical,Micro SD,tht
106.045,-66.675,0.0,top,J2,,,PinHeader_1x08_P2.54mm_Vertical,EPD,tht
111.125,-115.57,0.0,top,J3,,,PinHeader_1x06_P2.54mm_Vertical,RTC,tht
195.518,-119.985,0.0,top,J4,,,PinSocket_1x02_P2.54mm_Horizontal,Battery In,tht
173.99,-99.06,0.0,top,R1,,,R_Axial_DIN0207_L6.3mm_D2.5mm_P7.62mm_Horizontal,1MΩ,tht
173.99,-104.14,0.0,top,R2,,,R_Axial_DIN0207_L6.3mm_D2.5mm_P7.62mm_Horizontal,1MΩ,tht
192.278,-73.914,-90.0,top,RV1,,,Potentiometer_Alps_RK163_Single_Horizontal,20K,tht
157.478,-126.238,0.0,top,S1,SLW-1276864-4A-D,,SLW12768644AD,SLW-1276864-4A-D,tht
159.818,-111.796,0.0,top,SW1,,,TS026670BK160LCRD Tactile Switch,SW_MEC_5E,tht
