﻿Designator,Quantity,Value,Footprint,Package,MPN,DNP,Mount_Type,Description,Height,Mouser Part Number,Mouser Price/Stock,Manufacturer_Name
A1,1,Arduino Nano ESP32,Arduino_Nano,,,,tht,"Arduino Nano board based on the ESP32-S3 with a dual-core 240 MHz processor, 384 kB ROM, 512 kB SRAM. Operates at 3.3V, with 5V USB-C® input and 6-21V VIN. Features Wi-Fi®, Bluetooth® LE, digital and analog pins, and supports SPI, I2C, UART, I2S, and CAN.",,,,
BT1,1,Battery In,JST_PH_B2B-PH-K_1x02_P2.00mm_Vertical,,,,tht,Single-cell battery,,,,
"C1, C2",2,0.1uF 50v,CP_Radial_D4.0mm_P1.50mm,,,,tht,"capacitor, US symbol",,,,
J1,1,Micro SD,PinHeader_1x09_P2.54mm_Vertical,,,,tht,"Generic connector, single row, 01x09, script generated",,,,
J2,1,EPD,PinHeader_1x08_P2.54mm_Vertical,,,,tht,"Generic connector, single row, 01x08, script generated",,,,
J3,1,RTC,PinHeader_1x06_P2.54mm_Vertical,,,,tht,"Generic connector, single row, 01x06, script generated",,,,
J4,1,Battery In,PinSocket_1x02_P2.54mm_Horizontal,,,,tht,"Generic connector, single row, 01x02, script generated",,,,
"R1, R2",2,1MΩ,R_Axial_DIN0207_L6.3mm_D2.5mm_P7.62mm_Horizontal,,,,tht,Resistor,,,,
RV1,1,20K,Potentiometer_Alps_RK163_Single_Horizontal,,,,tht,"Potentiometer, US symbol",,,,
S1,1,SLW-1276864-4A-D,SLW12768644AD,,SLW-1276864-4A-D,,tht,"12.7 x 6.8 x 6.4 mm, 2 mm Raised Slide Actuator, Vertical, Through Hole, Slide Switch",10.6,179-SLW-1276864-4A-D,https://www.mouser.co.uk/ProductDetail/Same-Sky/SLW-1276864-4A-D?qs=1Kr7Jg1SGW90vOt02EYiag%3D%3D,Same Sky
SW1,1,SW_MEC_5E,TS026670BK160LCRD Tactile Switch,,,,tht,MEC 5E single pole normally-open tactile switch,,,,
