﻿Designator,Quantity,Value,Footprint,Package,MPN,DNP,Mount_Type,Description
A1,1,Arduino_Nano_ESP32,Arduino_Nano,,,,tht,"Arduino Nano board based on the ESP32-S3 with a dual-core 240 MHz processor, 384 kB ROM, 512 kB SRAM. Operates at 3.3V, with 5V USB-C® input and 6-21V VIN. Features Wi-Fi®, Bluetooth® LE, digital and analog pins, and supports SPI, I2C, UART, I2S, and CAN."
BT1,1,Battery IN,JST_PH_B2B-PH-K_1x02_P2.00mm_Vertical,,,,tht,Single-cell battery
"C1, C2",2,C_US,CP_Radial_D4.0mm_P1.50mm,,,,tht,"capacitor, US symbol"
J1,1,Micro SD,PinHeader_1x09_P2.54mm_Vertical,,,,tht,"Generic connector, single row, 01x09, script generated"
J2,1,EPD,PinHeader_1x08_P2.54mm_Vertical,,,,tht,"Generic connector, single row, 01x08, script generated"
J3,1,RTC,PinHeader_1x06_P2.54mm_Vertical,,,,tht,"Generic connector, single row, 01x06, script generated"
J4,1,Battery IN (2),PinSocket_1x02_P2.54mm_Vertical,,,,tht,"Generic connector, single row, 01x02, script generated"
"R1, R2",2,R,R_Axial_DIN0207_L6.3mm_D2.5mm_P7.62mm_Horizontal,,,,tht,Resistor
RV1,1,Potentiometer,Potentiometer_Omeg_PC16BU_Vertical,,,,tht,"Potentiometer, US symbol"
SW1,1,SW_SPDT,SW_Slide-03_Wuerth-WS-SLTV_10x2.5x6.4_P2.54mm,,,,tht,"Switch, single pole double throw"
U1,1,Reset,SW_Push_2P1T_Toggle_CK_PVA1xxH1xxxxxxV2,,,,tht,"Push button switch, generic, two pins"
