﻿pos_x,pos_y,rotation,side,designator,mpn,pack,footprint,value,mount_type
140.97,-91.44,-90.0,top,A1,,,Arduino_Nano,Arduino_Nano_ESP32,tht
194.945,-112.395,180.0,top,BT1,,,JST_PH_B2B-PH-K_1x02_P2.00mm_Vertical,Battery IN,tht
186.69,-102.465,90.0,top,C1,,,CP_Radial_D4.0mm_P1.50mm,C_US,tht
186.92,-90.17,180.0,top,C2,,,CP_Radial_D4.0mm_P1.50mm,C_US,tht
151.765,-84.664269,90.0,top,J1,,,PinHeader_1x09_P2.54mm_Vertical,Micro SD,tht
106.045,-66.675,0.0,top,J2,,,PinHeader_1x08_P2.54mm_Vertical,EPD,tht
106.68,-115.57,0.0,top,J3,,,PinHeader_1x06_P2.54mm_Vertical,RTC,tht
195.58,-118.745,-90.0,top,J4,,,PinSocket_1x02_P2.54mm_Vertical,Battery IN (2),tht
173.99,-99.06,0.0,top,R1,,,R_Axial_DIN0207_L6.3mm_D2.5mm_P7.62mm_Horizontal,R,tht
173.99,-104.14,0.0,top,R2,,,R_Axial_DIN0207_L6.3mm_D2.5mm_P7.62mm_Horizontal,R,tht
191.135,-78.495,90.0,top,RV1,,,Potentiometer_Omeg_PC16BU_Vertical,Potentiometer,tht
200.66,-100.33,90.0,top,SW1,,,SW_Slide-03_Wuerth-WS-SLTV_10x2.5x6.4_P2.54mm,SW_SPDT,tht
158.83,-116.84,0.0,top,U1,,,SW_Push_2P1T_Toggle_CK_PVA1xxH1xxxxxxV2,Reset,tht
