﻿Designator,Quantity,Value,Footprint,Package,MPN,DNP,Mount_Type,Description
A1,1,Arduino_Nano_ESP32,Arduino_Nano,,,,tht,"Arduino Nano board based on the ESP32-S3 with a dual-core 240 MHz processor, 384 kB ROM, 512 kB SRAM. Operates at 3.3V, with 5V USB-C® input and 6-21V VIN. Features Wi-Fi®, Bluetooth® LE, digital and analog pins, and supports SPI, I2C, UART, I2S, and CAN."
BT1,1,Battery_Cell,JST_PH_B2B-PH-K_1x02_P2.00mm_Vertical,,,,tht,Single-cell battery
"C1 (0.1uF), C2 (0.1uF)",2,0.1uF,CP_Radial_D4.0mm_P1.50mm,,,,tht,"capacitor, US symbol"
GND,1,GND,Pin_D1.3mm_L10.0mm_W3.5mm_Flat,,,,tht,"Generic connector, single row, 01x01, script generated"
J1,1,Micro SD,PinHeader_1x09_P2.54mm_Vertical,,,,tht,"Generic connector, single row, 01x09, script generated"
J2,1,EPD,PinHeader_1x08_P2.54mm_Vertical,,,,tht,"Generic connector, single row, 01x08, script generated"
J3,1,RTC,PinHeader_1x06_P2.54mm_Vertical,,,,tht,"Generic connector, single row, 01x06, script generated"
J4,1,Conn_01x02_Pin,PinSocket_1x02_P2.54mm_Horizontal,,,,tht,"Generic connector, single row, 01x02, script generated"
"R1 (1MΩ), R2 (1MΩ)",2,R (1M),R_Axial_DIN0207_L6.3mm_D2.5mm_P7.62mm_Horizontal,,,,tht,Resistor
RV1,1,Potentiometer,Potentiometer_Omeg_PC16BU_Vertical,,,,tht,"Potentiometer, US symbol"
U1,1,Reset,SW_PUSH_6mm,,,,tht,"Push button switch, generic, two pins"
VIN,1,VIN,Pin_D1.3mm_L10.0mm_W3.5mm_Flat,,,,tht,"Generic connector, single row, 01x01, script generated"
VOUT,1,VOUT,Pin_D1.3mm_L10.0mm_W3.5mm_Flat,,,,tht,"Generic connector, single row, 01x01, script generated"
